{
  "totalReward": 636.5787414842447,
  "dcSelectionHistory": {
    "0": [
      491.0,
      504.0,
      454.0,
      398.0,
      313.0,
      334.0,
      337.0,
      323.0,
      293.0,
      258.0
    ],
    "1": [
      524.0,
      412.0,
      377.0,
      313.0,
      292.0,
      336.0,
      321.0,
      287.0,
      301.0,
      305.0
    ],
    "2": [
      433.0,
      408.0,
      406.0,
      451.0,
      447.0,
      408.0,
      431.0,
      421.0,
      374.0,
      418.0
    ],
    "3": [
      481.0,
      393.0,
      418.0,
      304.0,
      300.0,
      324.0,
      322.0,
      328.0,
      296.0,
      221.0
    ],
    "4": [
      499.0,
      469.0,
      444.0,
      421.0,
      473.0,
      367.0,
      400.0,
      336.0,
      314.0,
      233.0
    ],
    "5": [
      515.0,
      561.0,
      502.0,
      572.0,
      489.0,
      486.0,
      500.0,
      544.0,
      551.0,
      588.0
    ],
    "6": [
      510.0,
      397.0,
      496.0,
      512.0,
      488.0,
      474.0,
      431.0,
      505.0,
      555.0,
      515.0
    ],
    "7": [
      498.0,
      512.0,
      463.0,
      532.0,
      608.0,
      656.0,
      659.0,
      681.0,
      684.0,
      846.0
    ],
    "8": [
      595.0,
      821.0,
      955.0,
      1040.0,
      1166.0,
      1170.0,
      1190.0,
      1186.0,
      1235.0,
      1264.0
    ],
    "9": [
      455.0,
      524.0,
      486.0,
      458.0,
      425.0,
      446.0,
      410.0,
      390.0,
      398.0,
      353.0
    ]
  },
  "stats": {
    "totalGreenInitial": 8676000.0,
    "totalGreenUsed": 1.26570247648347E8,
    "totalEnergyUsed": 4.426326933575314E8,
    "totalGreenGeneration": 1.2404027942685947E8,
    "totalGreenResource": 1.3271627942685947E8,
    "totalSurplus": -3.247376690615741E8,
    "greenEnergyRatio": 28.594870995241052,
    "greenUtilizationRatio": 95.36904454747048,
    "makespan": 25079.485277400297
  },
  "episode": 10,
  "cloudletsPerBroker": {
    "0": 258,
    "1": 305,
    "2": 418,
    "3": 221,
    "4": 233,
    "5": 588,
    "6": 515,
    "7": 846,
    "8": 1264,
    "9": 353
  },
  "config": {
    "hosts": 25,
    "dcNum": 10,
    "cloudlets": 5000,
    "vms": 250
  },
  "timestamp": "Tue Aug 26 08:42:39 BST 2025"
}