{
  "totalReward": 659.5387732956636,
  "dcSelectionHistory": {
    "0": [
      491.0,
      504.0,
      454.0,
      398.0,
      313.0,
      334.0,
      337.0,
      323.0,
      293.0,
      258.0,
      214.0,
      276.0,
      258.0,
      393.0,
      330.0
    ],
    "1": [
      524.0,
      412.0,
      377.0,
      313.0,
      292.0,
      336.0,
      321.0,
      287.0,
      301.0,
      305.0,
      286.0,
      237.0,
      288.0,
      380.0,
      362.0
    ],
    "2": [
      433.0,
      408.0,
      406.0,
      451.0,
      447.0,
      408.0,
      431.0,
      421.0,
      374.0,
      418.0,
      344.0,
      336.0,
      317.0,
      333.0,
      273.0
    ],
    "3": [
      481.0,
      393.0,
      418.0,
      304.0,
      300.0,
      324.0,
      322.0,
      328.0,
      296.0,
      221.0,
      265.0,
      291.0,
      327.0,
      365.0,
      367.0
    ],
    "4": [
      499.0,
      469.0,
      444.0,
      421.0,
      473.0,
      367.0,
      400.0,
      336.0,
      314.0,
      233.0,
      249.0,
      252.0,
      257.0,
      329.0,
      294.0
    ],
    "5": [
      515.0,
      561.0,
      502.0,
      572.0,
      489.0,
      486.0,
      500.0,
      544.0,
      551.0,
      588.0,
      571.0,
      582.0,
      561.0,
      591.0,
      496.0
    ],
    "6": [
      510.0,
      397.0,
      496.0,
      512.0,
      488.0,
      474.0,
      431.0,
      505.0,
      555.0,
      515.0,
      462.0,
      474.0,
      435.0,
      413.0,
      461.0
    ],
    "7": [
      498.0,
      512.0,
      463.0,
      532.0,
      608.0,
      656.0,
      659.0,
      681.0,
      684.0,
      846.0,
      728.0,
      640.0,
      679.0,
      674.0,
      653.0
    ],
    "8": [
      595.0,
      821.0,
      955.0,
      1040.0,
      1166.0,
      1170.0,
      1190.0,
      1186.0,
      1235.0,
      1264.0,
      1521.0,
      1547.0,
      1545.0,
      1220.0,
      1447.0
    ],
    "9": [
      455.0,
      524.0,
      486.0,
      458.0,
      425.0,
      446.0,
      410.0,
      390.0,
      398.0,
      353.0,
      361.0,
      366.0,
      334.0,
      303.0,
      318.0
    ]
  },
  "stats": {
    "totalGreenInitial": 8676000.0,
    "totalGreenUsed": 1.1642159970452978E8,
    "totalEnergyUsed": 3.7447267916011125E8,
    "totalGreenGeneration": 1.2403925709959587E8,
    "totalGreenResource": 1.3271525709959587E8,
    "totalSurplus": -2.6446707490032756E8,
    "greenEnergyRatio": 31.089477599713494,
    "greenUtilizationRatio": 87.72284532226874,
    "makespan": 20658.198314918758
  },
  "episode": 15,
  "cloudletsPerBroker": {
    "0": 330,
    "1": 362,
    "2": 273,
    "3": 367,
    "4": 294,
    "5": 496,
    "6": 461,
    "7": 653,
    "8": 1447,
    "9": 318
  },
  "config": {
    "hosts": 25,
    "dcNum": 10,
    "cloudlets": 5000,
    "vms": 250
  },
  "timestamp": "Tue Aug 26 08:51:43 BST 2025"
}