{
  "totalReward": 643.4624841703912,
  "dcSelectionHistory": {
    "0": [
      491.0,
      504.0,
      454.0,
      398.0,
      313.0,
      334.0,
      337.0,
      323.0,
      293.0,
      258.0,
      214.0,
      276.0
    ],
    "1": [
      524.0,
      412.0,
      377.0,
      313.0,
      292.0,
      336.0,
      321.0,
      287.0,
      301.0,
      305.0,
      286.0,
      237.0
    ],
    "2": [
      433.0,
      408.0,
      406.0,
      451.0,
      447.0,
      408.0,
      431.0,
      421.0,
      374.0,
      418.0,
      344.0,
      336.0
    ],
    "3": [
      481.0,
      393.0,
      418.0,
      304.0,
      300.0,
      324.0,
      322.0,
      328.0,
      296.0,
      221.0,
      265.0,
      291.0
    ],
    "4": [
      499.0,
      469.0,
      444.0,
      421.0,
      473.0,
      367.0,
      400.0,
      336.0,
      314.0,
      233.0,
      249.0,
      252.0
    ],
    "5": [
      515.0,
      561.0,
      502.0,
      572.0,
      489.0,
      486.0,
      500.0,
      544.0,
      551.0,
      588.0,
      571.0,
      582.0
    ],
    "6": [
      510.0,
      397.0,
      496.0,
      512.0,
      488.0,
      474.0,
      431.0,
      505.0,
      555.0,
      515.0,
      462.0,
      474.0
    ],
    "7": [
      498.0,
      512.0,
      463.0,
      532.0,
      608.0,
      656.0,
      659.0,
      681.0,
      684.0,
      846.0,
      728.0,
      640.0
    ],
    "8": [
      595.0,
      821.0,
      955.0,
      1040.0,
      1166.0,
      1170.0,
      1190.0,
      1186.0,
      1235.0,
      1264.0,
      1521.0,
      1547.0
    ],
    "9": [
      455.0,
      524.0,
      486.0,
      458.0,
      425.0,
      446.0,
      410.0,
      390.0,
      398.0,
      353.0,
      361.0,
      366.0
    ]
  },
  "stats": {
    "totalGreenInitial": 8676000.0,
    "totalGreenUsed": 1.1767781012437852E8,
    "totalEnergyUsed": 3.9283016392830294E8,
    "totalGreenGeneration": 1.2403979280686097E8,
    "totalGreenResource": 1.3271579280686097E8,
    "totalSurplus": -2.8193565398345834E8,
    "greenEnergyRatio": 29.956408883574525,
    "greenUtilizationRatio": 88.66903300320334,
    "makespan": 25262.786519350073
  },
  "episode": 12,
  "cloudletsPerBroker": {
    "0": 276,
    "1": 237,
    "2": 336,
    "3": 291,
    "4": 252,
    "5": 582,
    "6": 474,
    "7": 640,
    "8": 1547,
    "9": 366
  },
  "config": {
    "hosts": 25,
    "dcNum": 10,
    "cloudlets": 5000,
    "vms": 250
  },
  "timestamp": "Tue Aug 26 08:46:02 BST 2025"
}