{
  "totalReward": 687.7109217902104,
  "dcSelectionHistory": {
    "0": [
      491.0,
      504.0,
      454.0
    ],
    "1": [
      524.0,
      412.0,
      377.0
    ],
    "2": [
      433.0,
      408.0,
      406.0
    ],
    "3": [
      481.0,
      393.0,
      418.0
    ],
    "4": [
      499.0,
      469.0,
      444.0
    ],
    "5": [
      515.0,
      561.0,
      502.0
    ],
    "6": [
      510.0,
      397.0,
      496.0
    ],
    "7": [
      498.0,
      512.0,
      463.0
    ],
    "8": [
      595.0,
      821.0,
      955.0
    ],
    "9": [
      455.0,
      524.0,
      486.0
    ]
  },
  "stats": {
    "totalGreenInitial": 8676000.0,
    "totalGreenUsed": 1.2404342350930898E8,
    "totalEnergyUsed": 3.7229730805075705E8,
    "totalGreenGeneration": 1.240404865633808E8,
    "totalGreenResource": 1.327164865633808E8,
    "totalSurplus": -2.5692988434048992E8,
    "greenEnergyRatio": 33.318377766083,
    "greenUtilizationRatio": 93.46496936540747,
    "makespan": 20109.514077400298
  },
  "episode": 3,
  "cloudletsPerBroker": {
    "0": 454,
    "1": 377,
    "2": 406,
    "3": 418,
    "4": 444,
    "5": 502,
    "6": 496,
    "7": 463,
    "8": 955,
    "9": 486
  },
  "config": {
    "hosts": 25,
    "dcNum": 10,
    "cloudlets": 5000,
    "vms": 250
  },
  "timestamp": "Tue Aug 26 08:29:43 BST 2025"
}