{
  "totalReward": 717.1294680738259,
  "dcSelectionHistory": {
    "0": [
      491.0,
      504.0,
      454.0,
      398.0
    ],
    "1": [
      524.0,
      412.0,
      377.0,
      313.0
    ],
    "2": [
      433.0,
      408.0,
      406.0,
      451.0
    ],
    "3": [
      481.0,
      393.0,
      418.0,
      304.0
    ],
    "4": [
      499.0,
      469.0,
      444.0,
      421.0
    ],
    "5": [
      515.0,
      561.0,
      502.0,
      572.0
    ],
    "6": [
      510.0,
      397.0,
      496.0,
      512.0
    ],
    "7": [
      498.0,
      512.0,
      463.0,
      532.0
    ],
    "8": [
      595.0,
      821.0,
      955.0,
      1040.0
    ],
    "9": [
      455.0,
      524.0,
      486.0,
      458.0
    ]
  },
  "stats": {
    "totalGreenInitial": 8676000.0,
    "totalGreenUsed": 1.1353624953507614E8,
    "totalEnergyUsed": 3.10182858886189E8,
    "totalGreenGeneration": 1.240401037768335E8,
    "totalGreenResource": 1.327161037768335E8,
    "totalSurplus": -2.030652101975354E8,
    "greenEnergyRatio": 36.6030057053328,
    "greenUtilizationRatio": 85.54820877351183,
    "makespan": 15316.80355745938
  },
  "episode": 4,
  "cloudletsPerBroker": {
    "0": 398,
    "1": 313,
    "2": 451,
    "3": 304,
    "4": 421,
    "5": 572,
    "6": 512,
    "7": 532,
    "8": 1040,
    "9": 458
  },
  "config": {
    "hosts": 25,
    "dcNum": 10,
    "cloudlets": 5000,
    "vms": 250
  },
  "timestamp": "Tue Aug 26 08:31:47 BST 2025"
}