{
  "totalReward": 647.2437212598196,
  "dcSelectionHistory": {
    "0": [
      491.0,
      504.0,
      454.0,
      398.0,
      313.0,
      334.0,
      337.0
    ],
    "1": [
      524.0,
      412.0,
      377.0,
      313.0,
      292.0,
      336.0,
      321.0
    ],
    "2": [
      433.0,
      408.0,
      406.0,
      451.0,
      447.0,
      408.0,
      431.0
    ],
    "3": [
      481.0,
      393.0,
      418.0,
      304.0,
      300.0,
      324.0,
      322.0
    ],
    "4": [
      499.0,
      469.0,
      444.0,
      421.0,
      473.0,
      367.0,
      400.0
    ],
    "5": [
      515.0,
      561.0,
      502.0,
      572.0,
      489.0,
      486.0,
      500.0
    ],
    "6": [
      510.0,
      397.0,
      496.0,
      512.0,
      488.0,
      474.0,
      431.0
    ],
    "7": [
      498.0,
      512.0,
      463.0,
      532.0,
      608.0,
      656.0,
      659.0
    ],
    "8": [
      595.0,
      821.0,
      955.0,
      1040.0,
      1166.0,
      1170.0,
      1190.0
    ],
    "9": [
      455.0,
      524.0,
      486.0,
      458.0,
      425.0,
      446.0,
      410.0
    ]
  },
  "stats": {
    "totalGreenInitial": 8676000.0,
    "totalGreenUsed": 1.1437702691893017E8,
    "totalEnergyUsed": 4.968514628837546E8,
    "totalGreenGeneration": 1.5371176533986667E8,
    "totalGreenResource": 1.6238776533986667E8,
    "totalSurplus": -3.8925922354611385E8,
    "greenEnergyRatio": 23.0203663394849,
    "greenUtilizationRatio": 70.43451006271731,
    "makespan": 60277.0276774003
  },
  "episode": 7,
  "cloudletsPerBroker": {
    "0": 337,
    "1": 321,
    "2": 431,
    "3": 322,
    "4": 400,
    "5": 500,
    "6": 431,
    "7": 659,
    "8": 1190,
    "9": 410
  },
  "config": {
    "hosts": 25,
    "dcNum": 10,
    "cloudlets": 5000,
    "vms": 250
  },
  "timestamp": "Tue Aug 26 08:37:26 BST 2025"
}