{
  "totalReward": 718.2390328752343,
  "dcSelectionHistory": {
    "0": [
      491.0,
      504.0
    ],
    "1": [
      524.0,
      412.0
    ],
    "2": [
      433.0,
      408.0
    ],
    "3": [
      481.0,
      393.0
    ],
    "4": [
      499.0,
      469.0
    ],
    "5": [
      515.0,
      561.0
    ],
    "6": [
      510.0,
      397.0
    ],
    "7": [
      498.0,
      512.0
    ],
    "8": [
      595.0,
      821.0
    ],
    "9": [
      455.0,
      524.0
    ]
  },
  "stats": {
    "totalGreenInitial": 8676000.0,
    "totalGreenUsed": 1.1788873009076786E8,
    "totalEnergyUsed": 3.261256283912173E8,
    "totalGreenGeneration": 1.2073811179790711E8,
    "totalGreenResource": 1.2941411179790711E8,
    "totalSurplus": -2.156189131269021E8,
    "greenEnergyRatio": 36.14825693776805,
    "greenUtilizationRatio": 91.0941847476902,
    "makespan": 11254.04462983752
  },
  "episode": 2,
  "cloudletsPerBroker": {
    "0": 504,
    "1": 412,
    "2": 408,
    "3": 393,
    "4": 469,
    "5": 561,
    "6": 397,
    "7": 512,
    "8": 821,
    "9": 524
  },
  "config": {
    "hosts": 25,
    "dcNum": 10,
    "cloudlets": 5000,
    "vms": 250
  },
  "timestamp": "Tue Aug 26 08:27:42 BST 2025"
}