{
  "totalReward": 642.2212563586172,
  "dcSelectionHistory": {
    "0": [
      491.0,
      504.0,
      454.0,
      398.0,
      313.0,
      334.0
    ],
    "1": [
      524.0,
      412.0,
      377.0,
      313.0,
      292.0,
      336.0
    ],
    "2": [
      433.0,
      408.0,
      406.0,
      451.0,
      447.0,
      408.0
    ],
    "3": [
      481.0,
      393.0,
      418.0,
      304.0,
      300.0,
      324.0
    ],
    "4": [
      499.0,
      469.0,
      444.0,
      421.0,
      473.0,
      367.0
    ],
    "5": [
      515.0,
      561.0,
      502.0,
      572.0,
      489.0,
      486.0
    ],
    "6": [
      510.0,
      397.0,
      496.0,
      512.0,
      488.0,
      474.0
    ],
    "7": [
      498.0,
      512.0,
      463.0,
      532.0,
      608.0,
      656.0
    ],
    "8": [
      595.0,
      821.0,
      955.0,
      1040.0,
      1166.0,
      1170.0
    ],
    "9": [
      455.0,
      524.0,
      486.0,
      458.0,
      425.0,
      446.0
    ]
  },
  "stats": {
    "totalGreenInitial": 8676000.0,
    "totalGreenUsed": 1.238137871842456E8,
    "totalEnergyUsed": 4.257189471006539E8,
    "totalGreenGeneration": 1.2661585548794034E8,
    "totalGreenResource": 1.3529185548794034E8,
    "totalSurplus": -3.105804702442094E8,
    "greenEnergyRatio": 29.08345706186574,
    "greenUtilizationRatio": 91.5160685302909,
    "makespan": 31274.38382983752
  },
  "episode": 6,
  "cloudletsPerBroker": {
    "0": 334,
    "1": 336,
    "2": 408,
    "3": 324,
    "4": 367,
    "5": 486,
    "6": 474,
    "7": 656,
    "8": 1170,
    "9": 446
  },
  "config": {
    "hosts": 25,
    "dcNum": 10,
    "cloudlets": 5000,
    "vms": 250
  },
  "timestamp": "Tue Aug 26 08:35:48 BST 2025"
}