{
  "totalReward": 658.2794460198697,
  "dcSelectionHistory": {
    "0": [
      491.0,
      504.0,
      454.0,
      398.0,
      313.0
    ],
    "1": [
      524.0,
      412.0,
      377.0,
      313.0,
      292.0
    ],
    "2": [
      433.0,
      408.0,
      406.0,
      451.0,
      447.0
    ],
    "3": [
      481.0,
      393.0,
      418.0,
      304.0,
      300.0
    ],
    "4": [
      499.0,
      469.0,
      444.0,
      421.0,
      473.0
    ],
    "5": [
      515.0,
      561.0,
      502.0,
      572.0,
      489.0
    ],
    "6": [
      510.0,
      397.0,
      496.0,
      512.0,
      488.0
    ],
    "7": [
      498.0,
      512.0,
      463.0,
      532.0,
      608.0
    ],
    "8": [
      595.0,
      821.0,
      955.0,
      1040.0,
      1166.0
    ],
    "9": [
      455.0,
      524.0,
      486.0,
      458.0,
      425.0
    ]
  },
  "stats": {
    "totalGreenInitial": 8676000.0,
    "totalGreenUsed": 1.1478641754416898E8,
    "totalEnergyUsed": 3.945254901895744E8,
    "totalGreenGeneration": 1.2663459509880735E8,
    "totalGreenResource": 1.3531059509880733E8,
    "totalSurplus": -2.862289933995121E8,
    "greenEnergyRatio": 29.094803858937652,
    "greenUtilizationRatio": 84.83180305307869,
    "makespan": 31289.72542983752
  },
  "episode": 5,
  "cloudletsPerBroker": {
    "0": 313,
    "1": 292,
    "2": 447,
    "3": 300,
    "4": 473,
    "5": 489,
    "6": 488,
    "7": 608,
    "8": 1166,
    "9": 425
  },
  "config": {
    "hosts": 25,
    "dcNum": 10,
    "cloudlets": 5000,
    "vms": 250
  },
  "timestamp": "Tue Aug 26 08:33:46 BST 2025"
}