{
  "totalReward": 643.0822352995646,
  "dcSelectionHistory": {
    "0": [
      491.0,
      504.0,
      454.0,
      398.0,
      313.0,
      334.0,
      337.0,
      323.0
    ],
    "1": [
      524.0,
      412.0,
      377.0,
      313.0,
      292.0,
      336.0,
      321.0,
      287.0
    ],
    "2": [
      433.0,
      408.0,
      406.0,
      451.0,
      447.0,
      408.0,
      431.0,
      421.0
    ],
    "3": [
      481.0,
      393.0,
      418.0,
      304.0,
      300.0,
      324.0,
      322.0,
      328.0
    ],
    "4": [
      499.0,
      469.0,
      444.0,
      421.0,
      473.0,
      367.0,
      400.0,
      336.0
    ],
    "5": [
      515.0,
      561.0,
      502.0,
      572.0,
      489.0,
      486.0,
      500.0,
      544.0
    ],
    "6": [
      510.0,
      397.0,
      496.0,
      512.0,
      488.0,
      474.0,
      431.0,
      505.0
    ],
    "7": [
      498.0,
      512.0,
      463.0,
      532.0,
      608.0,
      656.0,
      659.0,
      681.0
    ],
    "8": [
      595.0,
      821.0,
      955.0,
      1040.0,
      1166.0,
      1170.0,
      1190.0,
      1186.0
    ],
    "9": [
      455.0,
      524.0,
      486.0,
      458.0,
      425.0,
      446.0,
      410.0,
      390.0
    ]
  },
  "stats": {
    "totalGreenInitial": 8676000.0,
    "totalGreenUsed": 1.179834734807081E8,
    "totalEnergyUsed": 4.3708735157078475E8,
    "totalGreenGeneration": 1.5237575925531083E8,
    "totalGreenResource": 1.6105175925531083E8,
    "totalSurplus": -3.258786861008057E8,
    "greenEnergyRatio": 26.993110886577803,
    "greenUtilizationRatio": 73.25810908632934,
    "makespan": 40686.6404774003
  },
  "episode": 8,
  "cloudletsPerBroker": {
    "0": 323,
    "1": 287,
    "2": 421,
    "3": 328,
    "4": 336,
    "5": 544,
    "6": 505,
    "7": 681,
    "8": 1186,
    "9": 390
  },
  "config": {
    "hosts": 25,
    "dcNum": 10,
    "cloudlets": 5000,
    "vms": 250
  },
  "timestamp": "Tue Aug 26 08:39:11 BST 2025"
}